FIELD_NAME,RA_DEG,DEC_DEG
RACS_0000+12A,0.0,12.5810805555556
RACS_0000+18A,0.0,18.8580194444444
RACS_0000+31A,0.0,31.3828472222222
RACS_0000+37A,0.0,37.6317138888889
RACS_0000-12A,0.0,-12.5856855555556
RACS_0000-18A,0.0,-18.8626194444444
RACS_0000-31A,0.0,-31.3874361111111
RACS_0000-37A,0.0,-37.6363
RACS_0000-50A,0.0,-50.0959083333333
RACS_0000-62A,0.0,-62.4986277777778
RACS_0000-74A,0.0,-74.279
RACS_0012+00A,3.10344583333333,0.0
RACS_0012+06A,3.10344583333333,6.29503611111111
RACS_0012-06A,3.10344583333333,-6.29964722222222
RACS_0021-56A,5.29411666666667,-56.3062944444444
RACS_0025+12A,6.3157875,12.5810805555556
RACS_0025-12A,6.3157875,-12.5856855555556
RACS_0026+18A,6.54545416666667,18.8580194444444
RACS_0026-18A,6.54545416666667,-18.8626194444444
RACS_0027+25A,6.79245,25.1251944444444
RACS_0027-25A,6.79245,-25.1297888888889
RACS_0028+31A,7.05882083333333,31.3828472222222
RACS_0028-31A,7.05882083333333,-31.3874361111111
RACS_0030+37A,7.65957083333333,37.6317138888889
RACS_0030-37A,7.65957083333333,-37.6363
RACS_0030-68A,7.5,-68.6714888888889
RACS_0033-43A,8.37209166666667,-43.8726027777778
RACS_0036-50A,9.23076666666666,-50.0959083333333
RACS_0037+00A,9.31034166666667,0.0
RACS_0037+06A,9.31034166666667,6.29503611111111
RACS_0037-06A,9.31034166666667,-6.29964722222222
RACS_0049-62A,12.4137916666667,-62.4986277777778
RACS_0050+12A,12.631575,12.5810805555556
RACS_0050-12A,12.631575,-12.5856855555556
RACS_0052+18A,13.0909083333333,18.8580194444444
RACS_0052-18A,13.0909083333333,-18.8626194444444
RACS_0054+25A,13.5849041666667,25.1251944444444
RACS_0054-25A,13.5849041666667,-25.1297888888889
RACS_0056+31A,14.1176458333333,31.3828472222222
RACS_0056-31A,14.1176458333333,-31.3874361111111
RACS_0101+37A,15.3191458333333,37.6317138888889
RACS_0101-37A,15.3191458333333,-37.6363
RACS_0102+00A,15.5172375,0.0
RACS_0102+06A,15.5172375,6.29503611111111
RACS_0102-06A,15.5172375,-6.29964722222222
RACS_0103-56A,15.88235,-56.3062944444444
RACS_0106-43A,16.7441833333333,-43.8726027777778
RACS_0113-50A,18.4615375,-50.0959083333333
RACS_0113-80A,18.408475,-80.0458166666667
RACS_0115+12A,18.9473666666667,12.5810805555556
RACS_0115-12A,18.9473666666667,-12.5856855555556
RACS_0118+18A,19.6363625,18.8580194444444
RACS_0118-18A,19.6363625,-18.8626194444444
RACS_0121+25A,20.3773583333333,25.1251944444444
RACS_0121-25A,20.3773583333333,-25.1297888888889
RACS_0124+31A,21.1764666666667,31.3828472222222
RACS_0124-31A,21.1764666666667,-31.3874361111111
RACS_0126+00A,21.7241375,0.0
RACS_0126+06A,21.7241375,6.29503611111111
RACS_0126-06A,21.7241375,-6.29964722222222
RACS_0127-73A,21.8096166666667,-73.0317138888889
RACS_0130-68A,22.5,-68.6714888888889
RACS_0131+37A,22.9787208333333,37.6317138888889
RACS_0131-37A,22.9787208333333,-37.6363
RACS_0139-62A,24.8275833333333,-62.4986277777778
RACS_0140-43A,25.116275,-43.8726027777778
RACS_0141+12A,25.2631541666667,12.5810805555556
RACS_0141-12A,25.2631541666667,-12.5856855555556
RACS_0144+18A,26.1818166666667,18.8580194444444
RACS_0144-18A,26.1818166666667,-18.8626194444444
RACS_0145-56A,26.4705875,-56.3062944444444
RACS_0148+25A,27.1698083333333,25.1251944444444
RACS_0148-25A,27.1698083333333,-25.1297888888889
RACS_0150-50A,27.6923041666667,-50.0959083333333
RACS_0151+00A,27.9310333333333,0.0
RACS_0151+06A,27.9310333333333,6.29503611111111
RACS_0151-06A,27.9310333333333,-6.29964722222222
RACS_0152+31A,28.2352916666667,31.3828472222222
RACS_0152-31A,28.2352916666667,-31.3874361111111
RACS_0202+37A,30.6382958333333,37.6317138888889
RACS_0202-37A,30.6382958333333,-37.6363
RACS_0206+12A,31.5789458333333,12.5810805555556
RACS_0206-12A,31.5789458333333,-12.5856855555556
RACS_0210+18A,32.7272708333333,18.8580194444444
RACS_0210-18A,32.7272708333333,-18.8626194444444
RACS_0213-43A,33.4883708333333,-43.8726027777778
RACS_0215+25A,33.9622625,25.1251944444444
RACS_0215-25A,33.9622625,-25.1297888888889
RACS_0216+00A,34.1379291666667,0.0
RACS_0216+06A,34.1379291666667,6.29503611111111
RACS_0216-06A,34.1379291666667,-6.29964722222222
RACS_0221+31A,35.2941166666667,31.3828472222222
RACS_0221-31A,35.2941166666667,-31.3874361111111
RACS_0227-50A,36.923075,-50.0959083333333
RACS_0228-56A,37.0588208333333,-56.3062944444444
RACS_0228-62A,37.2413791666667,-62.4986277777778
RACS_0230-68A,37.5,-68.6714888888889
RACS_0231+12A,37.8947333333333,12.5810805555556
RACS_0231-12A,37.8947333333333,-12.5856855555556
RACS_0233+37A,38.2978708333333,37.6317138888889
RACS_0233-37A,38.2978708333333,-37.6363
RACS_0233-69A,38.4930833333333,-69.7458444444444
RACS_0237+18A,39.272725,18.8580194444444
RACS_0237-18A,39.272725,-18.8626194444444
RACS_0241+00A,40.344825,0.0
RACS_0241+06A,40.344825,6.29503611111111
RACS_0241-06A,40.344825,-6.29964722222222
RACS_0243+25A,40.7547166666667,25.1251944444444
RACS_0243-25A,40.7547166666667,-25.1297888888889
RACS_0247-43A,41.8604625,-43.8726027777778
RACS_0249+31A,42.3529375,31.3828472222222
RACS_0249-31A,42.3529375,-31.3874361111111
RACS_0256+12A,44.210525,12.5810805555556
RACS_0256-12A,44.210525,-12.5856855555556
RACS_0259-76A,44.8386458333333,-76.6262583333333
RACS_0259-85A,44.9578833333333,-85.5465055555556
RACS_0303+18A,45.8181791666667,18.8580194444444
RACS_0303+37A,45.9574458333333,37.6317138888889
RACS_0303-18A,45.8181791666667,-18.8626194444444
RACS_0303-37A,45.9574458333333,-37.6363
RACS_0304-50A,46.1538458333333,-50.0959083333333
RACS_0306+00A,46.5517208333333,0.0
RACS_0306+06A,46.5517208333333,6.29503611111111
RACS_0306-06A,46.5517208333333,-6.29964722222222
RACS_0310+25A,47.5471666666667,25.1251944444444
RACS_0310-25A,47.5471666666667,-25.1297888888889
RACS_0310-56A,47.6470583333333,-56.3062944444444
RACS_0317+31A,49.4117625,31.3828472222222
RACS_0317-31A,49.4117625,-31.3874361111111
RACS_0318-62A,49.6551708333333,-62.4986277777778
RACS_0320-43A,50.2325541666667,-43.8726027777778
RACS_0322+12A,50.5263125,12.5810805555556
RACS_0322-12A,50.5263125,-12.5856855555556
RACS_0329+18A,52.3636333333333,18.8580194444444
RACS_0329-18A,52.3636333333333,-18.8626194444444
RACS_0330-68A,52.5,-68.6714888888889
RACS_0331+00A,52.7586166666667,0.0
RACS_0331+06A,52.7586166666667,6.29503611111111
RACS_0331-06A,52.7586166666667,-6.29964722222222
RACS_0334+37A,53.6170208333333,37.6317138888889
RACS_0334-37A,53.6170208333333,-37.6363
RACS_0337+25A,54.3396208333333,25.1251944444444
RACS_0337-25A,54.3396208333333,-25.1297888888889
RACS_0341-50A,55.3846125,-50.0959083333333
RACS_0345+31A,56.4705875,31.3828472222222
RACS_0345-31A,56.4705875,-31.3874361111111
RACS_0347+12A,56.8421041666667,12.5810805555556
RACS_0347-12A,56.8421041666667,-12.5856855555556
RACS_0352-56A,58.2352916666667,-56.3062944444444
RACS_0354-43A,58.60465,-43.8726027777778
RACS_0354-71A,58.6853958333333,-71.6045583333333
RACS_0355+00A,58.9655166666667,0.0
RACS_0355+06A,58.9655166666667,6.29503611111111
RACS_0355+18A,58.9090875,18.8580194444444
RACS_0355-06A,58.9655166666667,-6.29964722222222
RACS_0355-18A,58.9090875,-18.8626194444444
RACS_0404+25A,61.132075,25.1251944444444
RACS_0404-25A,61.13207500000001,-25.1297888888889
RACS_0405+37A,61.2765916666667,37.6317138888889
RACS_0405-37A,61.2765916666667,-37.6363
RACS_0408-62A,62.0689625,-62.4986277777778
RACS_0412+12A,63.1578916666667,12.5810805555556
RACS_0412-12A,63.1578916666667,-12.5856855555556
RACS_0414+31A,63.5294083333333,31.3828472222222
RACS_0414-31A,63.5294083333333,-31.3874361111111
RACS_0418-50A,64.6153833333333,-50.0959083333333
RACS_0420+00A,65.1724125,0.0
RACS_0420+06A,65.1724125,6.29503611111111
RACS_0420-06A,65.1724125,-6.29964722222222
RACS_0421+18A,65.4545416666667,18.8580194444444
RACS_0421-18A,65.4545416666667,-18.8626194444444
RACS_0427-43A,66.9767416666667,-43.8726027777778
RACS_0430-68A,67.5,-68.6714888888889
RACS_0431+25A,67.924525,25.1251944444444
RACS_0431-25A,67.924525,-25.1297888888889
RACS_0435+37A,68.9361666666667,37.6317138888889
RACS_0435-37A,68.9361666666667,-37.6363
RACS_0435-56A,68.8235291666667,-56.3062944444444
RACS_0437+12A,69.4736833333333,12.5810805555556
RACS_0437-12A,69.4736833333333,-12.5856855555556
RACS_0442+31A,70.5882333333333,31.3828472222222
RACS_0442-31A,70.5882333333333,-31.3874361111111
RACS_0445+00A,71.3793083333333,0.0
RACS_0445+06A,71.3793083333333,6.29503611111111
RACS_0445-06A,71.3793083333333,-6.29964722222222
RACS_0445-80A,71.4702333333333,-80.0435305555556
RACS_0448+18A,72.0,18.8580194444444
RACS_0448-18A,72.0,-18.8626194444444
RACS_0455-50A,73.84615,-50.0959083333333
RACS_0457-62A,74.4827583333333,-62.4986277777778
RACS_0458+25A,74.7169791666667,25.1251944444444
RACS_0458-25A,74.7169791666667,-25.1297888888889
RACS_0501-43A,75.3488333333333,-43.8726027777778
RACS_0503+12A,75.7894708333333,12.5810805555556
RACS_0503-12A,75.7894708333333,-12.5856855555556
RACS_0506+37A,76.5957416666667,37.6317138888889
RACS_0506-37A,76.5957416666667,-37.6363
RACS_0510+00A,77.5862041666667,0.0
RACS_0510+06A,77.5862041666667,6.29503611111111
RACS_0510+31A,77.6470583333333,31.3828472222222
RACS_0510-06A,77.5862041666667,-6.29964722222222
RACS_0510-31A,77.6470583333333,-31.3874361111111
RACS_0514+18A,78.5454541666667,18.8580194444444
RACS_0514-18A,78.5454541666667,-18.8626194444444
RACS_0514-73A,78.5393625,-73.9461611111111
RACS_0517-56A,79.4117625,-56.3062944444444
RACS_0526+25A,81.5094333333333,25.1251944444444
RACS_0526-25A,81.5094333333333,-25.1297888888889
RACS_0528+12A,82.1052625,12.5810805555556
RACS_0528-12A,82.1052625,-12.5856855555556
RACS_0530-68A,82.5,-68.6714888888889
RACS_0532-50A,83.0769208333333,-50.0959083333333
RACS_0534-43A,83.7209291666667,-43.8726027777778
RACS_0535+00A,83.7931,0.0
RACS_0535+06A,83.7931,6.29503611111111
RACS_0535-06A,83.7931,-6.29964722222222
RACS_0537+37A,84.2553166666667,37.6317138888889
RACS_0537-37A,84.2553166666667,-37.6363
RACS_0538+31A,84.7058791666667,31.3828472222222
RACS_0538-31A,84.7058791666667,-31.3874361111111
RACS_0540+18A,85.0909083333333,18.8580194444444
RACS_0540-18A,85.0909083333333,-18.8626194444444
RACS_0547-62A,86.89655,-62.4986277777778
RACS_0553+12A,88.42105,12.5810805555556
RACS_0553+25A,88.3018833333333,25.1251944444444
RACS_0553-12A,88.42105,-12.5856855555556
RACS_0553-25A,88.3018833333333,-25.1297888888889
RACS_0559-56A,90.0,-56.3062944444444
RACS_0600+00A,90.0,0.0
RACS_0600+06A,90.0,6.29503611111111
RACS_0600-06A,90.0,-6.29964722222222
RACS_0606+18A,91.6363625,18.8580194444444
RACS_0606-18A,91.6363625,-18.8626194444444
RACS_0607+31A,91.7647041666667,31.3828472222222
RACS_0607+37A,91.9148916666667,37.6317138888889
RACS_0607-31A,91.7647041666667,-31.3874361111111
RACS_0607-37A,91.9148916666667,-37.6363
RACS_0608-43A,92.0930208333333,-43.8726027777778
RACS_0609-50A,92.3076916666667,-50.0959083333333
RACS_0618+12A,94.7368416666667,12.5810805555556
RACS_0618-12A,94.7368416666667,-12.5856855555556
RACS_0620+25A,95.0943375,25.1251944444444
RACS_0620-25A,95.0943375,-25.1297888888889
RACS_0624+00A,96.2068958333333,0.0
RACS_0624+06A,96.2068958333333,6.29503611111111
RACS_0624-06A,96.2068958333333,-6.29964722222222
RACS_0630-68A,97.5,-68.6714888888889
RACS_0632+18A,98.1818166666667,18.8580194444444
RACS_0632-18A,98.1818166666667,-18.8626194444444
RACS_0635+31A,98.8235291666667,31.3828472222222
RACS_0635-31A,98.8235291666667,-31.3874361111111
RACS_0637-62A,99.3103416666667,-62.4986277777778
RACS_0638+37A,99.5744666666666,37.6317138888889
RACS_0638-37A,99.5744666666666,-37.6363
RACS_0641-43A,100.4651125,-43.8726027777778
RACS_0642-56A,100.588233333333,-56.3062944444444
RACS_0644+12A,101.052629166667,12.5810805555556
RACS_0644-12A,101.052629166667,-12.5856855555556
RACS_0645-73A,101.460633333333,-73.9461611111111
RACS_0646-50A,101.538458333333,-50.0959083333333
RACS_0647+25A,101.886791666667,25.1251944444444
RACS_0647-25A,101.886791666667,-25.1297888888889
RACS_0649+00A,102.413791666667,0.0
RACS_0649+06A,102.413791666667,6.29503611111111
RACS_0649-06A,102.413791666667,-6.29964722222222
RACS_0658+18A,104.727270833333,18.8580194444444
RACS_0658-18A,104.727270833333,-18.8626194444444
RACS_0703+31A,105.88235,31.3828472222222
RACS_0703-31A,105.88235,-31.3874361111111
RACS_0708+37A,107.234041666667,37.6317138888889
RACS_0708-37A,107.234041666667,-37.6363
RACS_0709+12A,107.368420833333,12.5810805555556
RACS_0709-12A,107.368420833333,-12.5856855555556
RACS_0714+00A,108.6206875,0.0
RACS_0714+06A,108.6206875,6.29503611111111
RACS_0714+25A,108.679241666667,25.1251944444444
RACS_0714-06A,108.6206875,-6.29964722222222
RACS_0714-25A,108.679241666667,-25.1297888888889
RACS_0714-80A,108.5297625,-80.0435305555556
RACS_0715-43A,108.837208333333,-43.8726027777778
RACS_0723-50A,110.769229166667,-50.0959083333333
RACS_0724-56A,111.176466666667,-56.3062944444444
RACS_0725+18A,111.272725,18.8580194444444
RACS_0725-18A,111.272725,-18.8626194444444
RACS_0726-62A,111.7241375,-62.4986277777778
RACS_0730-68A,112.5,-68.6714888888889
RACS_0731+31A,112.941175,31.3828472222222
RACS_0731-31A,112.941175,-31.3874361111111
RACS_0734+12A,113.684208333333,12.5810805555556
RACS_0734-12A,113.684208333333,-12.5856855555556
RACS_0739+00A,114.827583333333,0.0
RACS_0739+06A,114.827583333333,6.29503611111111
RACS_0739+37A,114.893616666667,37.6317138888889
RACS_0739-06A,114.827583333333,-6.29964722222222
RACS_0739-37A,114.893616666667,-37.6363
RACS_0741+25A,115.471695833333,25.1251944444444
RACS_0741-25A,115.471695833333,-25.1297888888889
RACS_0748-43A,117.2093,-43.8726027777778
RACS_0751+18A,117.818179166667,18.8580194444444
RACS_0751-18A,117.818179166667,-18.8626194444444
RACS_0800+12A,120.0,12.5810805555556
RACS_0800+31A,120.0,31.3828472222222
RACS_0800-12A,120.0,-12.5856855555556
RACS_0800-31A,120.0,-31.3874361111111
RACS_0800-50A,120.0,-50.0959083333333
RACS_0804+00A,121.034479166667,0.0
RACS_0804+06A,121.034479166667,6.29503611111111
RACS_0804-06A,121.034479166667,-6.29964722222222
RACS_0805-71A,121.3146,-71.6045583333333
RACS_0807-56A,121.764704166667,-56.3062944444444
RACS_0809+25A,122.26415,25.1251944444444
RACS_0809-25A,122.26415,-25.1297888888889
RACS_0810+37A,122.5531875,37.6317138888889
RACS_0810-37A,122.5531875,-37.6363
RACS_0816-62A,124.137929166667,-62.4986277777778
RACS_0817+18A,124.363633333333,18.8580194444444
RACS_0817-18A,124.363633333333,-18.8626194444444
RACS_0822-43A,125.581391666667,-43.8726027777778
RACS_0825+12A,126.3157875,12.5810805555556
RACS_0825-12A,126.3157875,-12.5856855555556
RACS_0828+00A,127.241379166667,0.0
RACS_0828+06A,127.241379166667,6.29503611111111
RACS_0828+31A,127.058820833333,31.3828472222222
RACS_0828-06A,127.241379166667,-6.29964722222222
RACS_0828-31A,127.058820833333,-31.3874361111111
RACS_0830-68A,127.5,-68.6714888888889
RACS_0836+25A,129.0566,25.1251944444444
RACS_0836-25A,129.0566,-25.1297888888889
RACS_0836-50A,129.230766666667,-50.0959083333333
RACS_0840+37A,130.2127625,37.6317138888889
RACS_0840-37A,130.2127625,-37.6363
RACS_0843+18A,130.9090875,18.8580194444444
RACS_0843-18A,130.9090875,-18.8626194444444
RACS_0849-56A,132.3529375,-56.3062944444444
RACS_0850+12A,132.631575,12.5810805555556
RACS_0850-12A,132.631575,-12.5856855555556
RACS_0853+00A,133.448275,0.0
RACS_0853+06A,133.448275,6.29503611111111
RACS_0853-06A,133.448275,-6.29964722222222
RACS_0855-43A,133.9534875,-43.8726027777778
RACS_0856+31A,134.117645833333,31.3828472222222
RACS_0856-31A,134.117645833333,-31.3874361111111
RACS_0900-76A,135.16135,-76.6262583333333
RACS_0900-85A,135.0421125,-85.5465055555556
RACS_0903+25A,135.849054166667,25.1251944444444
RACS_0903-25A,135.849054166667,-25.1297888888889
RACS_0906-62A,136.551720833333,-62.4986277777778
RACS_0909+18A,137.454541666667,18.8580194444444
RACS_0909-18A,137.454541666667,-18.8626194444444
RACS_0911+37A,137.8723375,37.6317138888889
RACS_0911-37A,137.8723375,-37.6363
RACS_0913-50A,138.4615375,-50.0959083333333
RACS_0915+12A,138.947366666667,12.5810805555556
RACS_0915-12A,138.947366666667,-12.5856855555556
RACS_0918+00A,139.655170833333,0.0
RACS_0918+06A,139.655170833333,6.29503611111111
RACS_0918-06A,139.655170833333,-6.29964722222222
RACS_0924+31A,141.176466666667,31.3828472222222
RACS_0924-31A,141.176466666667,-31.3874361111111
RACS_0926-69A,141.5069125,-69.7458444444444
RACS_0929-43A,142.325579166667,-43.8726027777778
RACS_0930+25A,142.641508333333,25.1251944444444
RACS_0930-25A,142.641508333333,-25.1297888888889
RACS_0930-68A,142.5,-68.6714888888889
RACS_0931-56A,142.941175,-56.3062944444444
RACS_0936+18A,144.0,18.8580194444444
RACS_0936-18A,144.0,-18.8626194444444
RACS_0941+12A,145.263154166667,12.5810805555556
RACS_0941-12A,145.263154166667,-12.5856855555556
RACS_0942+37A,145.5319125,37.6317138888889
RACS_0942-37A,145.5319125,-37.6363
RACS_0943+00A,145.862066666667,0.0
RACS_0943+06A,145.862066666667,6.29503611111111
RACS_0943-06A,145.862066666667,-6.29964722222222
RACS_0950-50A,147.692304166667,-50.0959083333333
RACS_0952+31A,148.235291666667,31.3828472222222
RACS_0952-31A,148.235291666667,-31.3874361111111
RACS_0955-62A,148.965516666667,-62.4986277777778
RACS_0957+25A,149.433958333333,25.1251944444444
RACS_0957-25A,149.433958333333,-25.1297888888889
RACS_1002+18A,150.545454166667,18.8580194444444
RACS_1002-18A,150.545454166667,-18.8626194444444
RACS_1002-43A,150.697670833333,-43.8726027777778
RACS_1006+12A,151.578945833333,12.5810805555556
RACS_1006-12A,151.578945833333,-12.5856855555556
RACS_1008+00A,152.0689625,0.0
RACS_1008+06A,152.0689625,6.29503611111111
RACS_1008-06A,152.0689625,-6.29964722222222
RACS_1012+37A,153.1914875,37.6317138888889
RACS_1012-37A,153.1914875,-37.6363
RACS_1014-56A,153.529408333333,-56.3062944444444
RACS_1021+31A,155.294116666667,31.3828472222222
RACS_1021-31A,155.294116666667,-31.3874361111111
RACS_1024+25A,156.2264125,25.1251944444444
RACS_1024-25A,156.2264125,-25.1297888888889
RACS_1027-50A,156.923075,-50.0959083333333
RACS_1028+18A,157.090908333333,18.8580194444444
RACS_1028-18A,157.090908333333,-18.8626194444444
RACS_1030-68A,157.5,-68.6714888888889
RACS_1031+12A,157.894733333333,12.5810805555556
RACS_1031-12A,157.894733333333,-12.5856855555556
RACS_1032-73A,158.190379166667,-73.0317138888889
RACS_1033+00A,158.275858333333,0.0
RACS_1033+06A,158.275858333333,6.29503611111111
RACS_1033-06A,158.275858333333,-6.29964722222222
RACS_1036-43A,159.069766666667,-43.8726027777778
RACS_1043+37A,160.8510625,37.6317138888889
RACS_1043-37A,160.8510625,-37.6363
RACS_1045-62A,161.379308333333,-62.4986277777778
RACS_1046-80A,161.591520833333,-80.0458166666667
RACS_1049+31A,162.3529375,31.3828472222222
RACS_1049-31A,162.3529375,-31.3874361111111
RACS_1052+25A,163.018866666667,25.1251944444444
RACS_1052-25A,163.018866666667,-25.1297888888889
RACS_1054+18A,163.6363625,18.8580194444444
RACS_1054-18A,163.6363625,-18.8626194444444
RACS_1056+12A,164.210525,12.5810805555556
RACS_1056-12A,164.210525,-12.5856855555556
RACS_1056-56A,164.117645833333,-56.3062944444444
RACS_1057+00A,164.482758333333,0.0
RACS_1057+06A,164.482758333333,6.29503611111111
RACS_1057-06A,164.482758333333,-6.29964722222222
RACS_1104-50A,166.153845833333,-50.0959083333333
RACS_1109-43A,167.441858333333,-43.8726027777778
RACS_1114+37A,168.5106375,37.6317138888889
RACS_1114-37A,168.5106375,-37.6363
RACS_1117+31A,169.4117625,31.3828472222222
RACS_1117-31A,169.4117625,-31.3874361111111
RACS_1119+25A,169.811316666667,25.1251944444444
RACS_1119-25A,169.811316666667,-25.1297888888889
RACS_1120+18A,170.181816666667,18.8580194444444
RACS_1120-18A,170.181816666667,-18.8626194444444
RACS_1122+00A,170.689654166667,0.0
RACS_1122+06A,170.689654166667,6.29503611111111
RACS_1122+12A,170.5263125,12.5810805555556
RACS_1122-06A,170.689654166667,-6.29964722222222
RACS_1122-12A,170.5263125,-12.5856855555556
RACS_1130-68A,172.5,-68.6714888888889
RACS_1135-62A,173.7931,-62.4986277777778
RACS_1138-56A,174.705879166667,-56.3062944444444
RACS_1141-50A,175.3846125,-50.0959083333333
RACS_1143-43A,175.81395,-43.8726027777778
RACS_1144+37A,176.1702125,37.6317138888889
RACS_1144-37A,176.1702125,-37.6363
RACS_1145+31A,176.4705875,31.3828472222222
RACS_1145-31A,176.4705875,-31.3874361111111
RACS_1146+18A,176.727270833333,18.8580194444444
RACS_1146+25A,176.603770833333,25.1251944444444
RACS_1146-18A,176.727270833333,-18.8626194444444
RACS_1146-25A,176.603770833333,-25.1297888888889
RACS_1147+00A,176.89655,0.0
RACS_1147+06A,176.89655,6.29503611111111
RACS_1147+12A,176.842104166667,12.5810805555556
RACS_1147-06A,176.89655,-6.29964722222222
RACS_1147-12A,176.842104166667,-12.5856855555556
RACS_1200-74A,180.0,-74.279
RACS_1212+00A,183.103445833333,0.0
RACS_1212+06A,183.103445833333,6.29503611111111
RACS_1212+12A,183.157891666667,12.5810805555556
RACS_1212-06A,183.103445833333,-6.29964722222222
RACS_1212-12A,183.157891666667,-12.5856855555556
RACS_1213+18A,183.272725,18.8580194444444
RACS_1213+25A,183.396225,25.1251944444444
RACS_1213-18A,183.272725,-18.8626194444444
RACS_1213-25A,183.396225,-25.1297888888889
RACS_1214+31A,183.529408333333,31.3828472222222
RACS_1214-31A,183.529408333333,-31.3874361111111
RACS_1215+37A,183.829783333333,37.6317138888889
RACS_1215-37A,183.829783333333,-37.6363
RACS_1216-43A,184.186045833333,-43.8726027777778
RACS_1218-50A,184.615383333333,-50.0959083333333
RACS_1221-56A,185.294116666667,-56.3062944444444
RACS_1224-62A,186.206895833333,-62.4986277777778
RACS_1230-68A,187.5,-68.6714888888889
RACS_1237+00A,189.310341666667,0.0
RACS_1237+06A,189.310341666667,6.29503611111111
RACS_1237+12A,189.473683333333,12.5810805555556
RACS_1237-06A,189.310341666667,-6.29964722222222
RACS_1237-12A,189.473683333333,-12.5856855555556
RACS_1239+18A,189.818179166667,18.8580194444444
RACS_1239-18A,189.818179166667,-18.8626194444444
RACS_1240+25A,190.188679166667,25.1251944444444
RACS_1240-25A,190.188679166667,-25.1297888888889
RACS_1242+31A,190.588233333333,31.3828472222222
RACS_1242-31A,190.588233333333,-31.3874361111111
RACS_1245+37A,191.489358333333,37.6317138888889
RACS_1245-37A,191.489358333333,-37.6363
RACS_1250-43A,192.5581375,-43.8726027777778
RACS_1255-50A,193.84615,-50.0959083333333
RACS_1302+00A,195.5172375,0.0
RACS_1302+06A,195.5172375,6.29503611111111
RACS_1302-06A,195.5172375,-6.29964722222222
RACS_1303+12A,195.789470833333,12.5810805555556
RACS_1303-12A,195.789470833333,-12.5856855555556
RACS_1303-56A,195.88235,-56.3062944444444
RACS_1305+18A,196.363633333333,18.8580194444444
RACS_1305-18A,196.363633333333,-18.8626194444444
RACS_1307+25A,196.981129166667,25.1251944444444
RACS_1307-25A,196.981129166667,-25.1297888888889
RACS_1310+31A,197.647058333333,31.3828472222222
RACS_1310-31A,197.647058333333,-31.3874361111111
RACS_1313-80A,198.408475,-80.0458166666667
RACS_1314-62A,198.6206875,-62.4986277777778
RACS_1316+37A,199.148933333333,37.6317138888889
RACS_1316-37A,199.148933333333,-37.6363
RACS_1323-43A,200.930229166667,-43.8726027777778
RACS_1326+00A,201.7241375,0.0
RACS_1326+06A,201.7241375,6.29503611111111
RACS_1326-06A,201.7241375,-6.29964722222222
RACS_1327-73A,201.809616666667,-73.0317138888889
RACS_1328+12A,202.1052625,12.5810805555556
RACS_1328-12A,202.1052625,-12.5856855555556
RACS_1330-68A,202.5,-68.6714888888889
RACS_1331+18A,202.9090875,18.8580194444444
RACS_1331-18A,202.9090875,-18.8626194444444
RACS_1332-50A,203.076920833333,-50.0959083333333
RACS_1335+25A,203.773583333333,25.1251944444444
RACS_1335-25A,203.773583333333,-25.1297888888889
RACS_1338+31A,204.705879166667,31.3828472222222
RACS_1338-31A,204.705879166667,-31.3874361111111
RACS_1345-56A,206.4705875,-56.3062944444444
RACS_1347+37A,206.808508333333,37.6317138888889
RACS_1347-37A,206.808508333333,-37.6363
RACS_1351+00A,207.931033333333,0.0
RACS_1351+06A,207.931033333333,6.29503611111111
RACS_1351-06A,207.931033333333,-6.29964722222222
RACS_1353+12A,208.42105,12.5810805555556
RACS_1353-12A,208.42105,-12.5856855555556
RACS_1357+18A,209.454541666667,18.8580194444444
RACS_1357-18A,209.454541666667,-18.8626194444444
RACS_1357-43A,209.302325,-43.8726027777778
RACS_1402+25A,210.5660375,25.1251944444444
RACS_1402-25A,210.5660375,-25.1297888888889
RACS_1404-62A,211.034479166667,-62.4986277777778
RACS_1407+31A,211.764704166667,31.3828472222222
RACS_1407-31A,211.764704166667,-31.3874361111111
RACS_1409-50A,212.307691666667,-50.0959083333333
RACS_1416+00A,214.137929166667,0.0
RACS_1416+06A,214.137929166667,6.29503611111111
RACS_1416-06A,214.137929166667,-6.29964722222222
RACS_1417+37A,214.468083333333,37.6317138888889
RACS_1417-37A,214.468083333333,-37.6363
RACS_1418+12A,214.736841666667,12.5810805555556
RACS_1418-12A,214.736841666667,-12.5856855555556
RACS_1424+18A,216.0,18.8580194444444
RACS_1424-18A,216.0,-18.8626194444444
RACS_1428-56A,217.058820833333,-56.3062944444444
RACS_1429+25A,217.3584875,25.1251944444444
RACS_1429-25A,217.3584875,-25.1297888888889
RACS_1430-43A,217.674416666667,-43.8726027777778
RACS_1430-68A,217.5,-68.6714888888889
RACS_1433-69A,218.493083333333,-69.7458444444444
RACS_1435+31A,218.823529166667,31.3828472222222
RACS_1435-31A,218.823529166667,-31.3874361111111
RACS_1441+00A,220.344825,0.0
RACS_1441+06A,220.344825,6.29503611111111
RACS_1441-06A,220.344825,-6.29964722222222
RACS_1444+12A,221.052629166667,12.5810805555556
RACS_1444-12A,221.052629166667,-12.5856855555556
RACS_1446-50A,221.538458333333,-50.0959083333333
RACS_1448+37A,222.127658333333,37.6317138888889
RACS_1448-37A,222.127658333333,-37.6363
RACS_1450+18A,222.545454166667,18.8580194444444
RACS_1450-18A,222.545454166667,-18.8626194444444
RACS_1453-62A,223.448275,-62.4986277777778
RACS_1456+25A,224.150941666667,25.1251944444444
RACS_1456-25A,224.150941666667,-25.1297888888889
RACS_1459-76A,224.838645833333,-76.6262583333333
RACS_1459-85A,224.957883333333,-85.5465055555556
RACS_1503+31A,225.88235,31.3828472222222
RACS_1503-31A,225.88235,-31.3874361111111
RACS_1504-43A,226.046508333333,-43.8726027777778
RACS_1506+00A,226.551720833333,0.0
RACS_1506+06A,226.551720833333,6.29503611111111
RACS_1506-06A,226.551720833333,-6.29964722222222
RACS_1509+12A,227.368420833333,12.5810805555556
RACS_1509-12A,227.368420833333,-12.5856855555556
RACS_1510-56A,227.647058333333,-56.3062944444444
RACS_1516+18A,229.090908333333,18.8580194444444
RACS_1516-18A,229.090908333333,-18.8626194444444
RACS_1519+37A,229.787233333333,37.6317138888889
RACS_1519-37A,229.787233333333,-37.6363
RACS_1523+25A,230.943395833333,25.1251944444444
RACS_1523-25A,230.943395833333,-25.1297888888889
RACS_1523-50A,230.769229166667,-50.0959083333333
RACS_1530-68A,232.5,-68.6714888888889
RACS_1531+00A,232.758616666667,0.0
RACS_1531+06A,232.758616666667,6.29503611111111
RACS_1531+31A,232.941175,31.3828472222222
RACS_1531-06A,232.758616666667,-6.29964722222222
RACS_1531-31A,232.941175,-31.3874361111111
RACS_1534+12A,233.684208333333,12.5810805555556
RACS_1534-12A,233.684208333333,-12.5856855555556
RACS_1537-43A,234.418604166667,-43.8726027777778
RACS_1542+18A,235.6363625,18.8580194444444
RACS_1542-18A,235.6363625,-18.8626194444444
RACS_1543-62A,235.862066666667,-62.4986277777778
RACS_1549+37A,237.446808333333,37.6317138888889
RACS_1549-37A,237.446808333333,-37.6363
RACS_1550+25A,237.735845833333,25.1251944444444
RACS_1550-25A,237.735845833333,-25.1297888888889
RACS_1552-56A,238.235291666667,-56.3062944444444
RACS_1554-71A,238.685395833333,-71.6045583333333
RACS_1555+00A,238.965516666667,0.0
RACS_1555+06A,238.965516666667,6.29503611111111
RACS_1555-06A,238.965516666667,-6.29964722222222
RACS_1600+12A,240.0,12.5810805555556
RACS_1600+31A,240.0,31.3828472222222
RACS_1600-12A,240.0,-12.5856855555556
RACS_1600-31A,240.0,-31.3874361111111
RACS_1600-50A,240.0,-50.0959083333333
RACS_1608+18A,242.181816666667,18.8580194444444
RACS_1608-18A,242.181816666667,-18.8626194444444
RACS_1611-43A,242.790695833333,-43.8726027777778
RACS_1618+25A,244.5283,25.1251944444444
RACS_1618-25A,244.5283,-25.1297888888889
RACS_1620+00A,245.1724125,0.0
RACS_1620+06A,245.1724125,6.29503611111111
RACS_1620+37A,245.106379166667,37.6317138888889
RACS_1620-06A,245.1724125,-6.29964722222222
RACS_1620-37A,245.106379166667,-37.6363
RACS_1625+12A,246.3157875,12.5810805555556
RACS_1625-12A,246.3157875,-12.5856855555556
RACS_1628+31A,247.058820833333,31.3828472222222
RACS_1628-31A,247.058820833333,-31.3874361111111
RACS_1630-68A,247.5,-68.6714888888889
RACS_1633-62A,248.275858333333,-62.4986277777778
RACS_1634+18A,248.727270833333,18.8580194444444
RACS_1634-18A,248.727270833333,-18.8626194444444
RACS_1635-56A,248.823529166667,-56.3062944444444
RACS_1636-50A,249.230766666667,-50.0959083333333
RACS_1644-43A,251.1627875,-43.8726027777778
RACS_1645+00A,251.379308333333,0.0
RACS_1645+06A,251.379308333333,6.29503611111111
RACS_1645+25A,251.320754166667,25.1251944444444
RACS_1645-06A,251.379308333333,-6.29964722222222
RACS_1645-25A,251.320754166667,-25.1297888888889
RACS_1645-80A,251.470233333333,-80.0435305555556
RACS_1650+12A,252.631575,12.5810805555556
RACS_1650-12A,252.631575,-12.5856855555556
RACS_1651+37A,252.765954166667,37.6317138888889
RACS_1651-37A,252.765954166667,-37.6363
RACS_1656+31A,254.117645833333,31.3828472222222
RACS_1656-31A,254.117645833333,-31.3874361111111
RACS_1701+18A,255.272725,18.8580194444444
RACS_1701-18A,255.272725,-18.8626194444444
RACS_1710+00A,257.586204166667,0.0
RACS_1710+06A,257.586204166667,6.29503611111111
RACS_1710-06A,257.586204166667,-6.29964722222222
RACS_1712+25A,258.113204166667,25.1251944444444
RACS_1712-25A,258.113204166667,-25.1297888888889
RACS_1713-50A,258.4615375,-50.0959083333333
RACS_1714-73A,258.5393625,-73.9461611111111
RACS_1715+12A,258.947366666667,12.5810805555556
RACS_1715-12A,258.947366666667,-12.5856855555556
RACS_1717-56A,259.4117625,-56.3062944444444
RACS_1718-43A,259.534883333333,-43.8726027777778
RACS_1721+37A,260.425529166667,37.6317138888889
RACS_1721-37A,260.425529166667,-37.6363
RACS_1722-62A,260.689654166667,-62.4986277777778
RACS_1724+31A,261.176466666667,31.3828472222222
RACS_1724-31A,261.176466666667,-31.3874361111111
RACS_1727+18A,261.818179166667,18.8580194444444
RACS_1727-18A,261.818179166667,-18.8626194444444
RACS_1730-68A,262.5,-68.6714888888889
RACS_1735+00A,263.7931,0.0
RACS_1735+06A,263.7931,6.29503611111111
RACS_1735-06A,263.7931,-6.29964722222222
RACS_1739+25A,264.905658333333,25.1251944444444
RACS_1739-25A,264.905658333333,-25.1297888888889
RACS_1741+12A,265.263154166667,12.5810805555556
RACS_1741-12A,265.263154166667,-12.5856855555556
RACS_1750-50A,267.692304166667,-50.0959083333333
RACS_1751-43A,267.906975,-43.8726027777778
RACS_1752+31A,268.235291666667,31.3828472222222
RACS_1752+37A,268.085104166667,37.6317138888889
RACS_1752-31A,268.235291666667,-31.3874361111111
RACS_1752-37A,268.085104166667,-37.6363
RACS_1753+18A,268.363633333333,18.8580194444444
RACS_1753-18A,268.363633333333,-18.8626194444444
RACS_1759-56A,270.0,-56.3062944444444
RACS_1800+00A,270.0,0.0
RACS_1800+06A,270.0,6.29503611111111
RACS_1800-06A,270.0,-6.29964722222222
RACS_1806+12A,271.578945833333,12.5810805555556
RACS_1806+25A,271.6981125,25.1251944444444
RACS_1806-12A,271.578945833333,-12.5856855555556
RACS_1806-25A,271.6981125,-25.1297888888889
RACS_1812-62A,273.103445833333,-62.4986277777778
RACS_1819+18A,274.9090875,18.8580194444444
RACS_1819-18A,274.9090875,-18.8626194444444
RACS_1821+31A,275.294116666667,31.3828472222222
RACS_1821-31A,275.294116666667,-31.3874361111111
RACS_1822+37A,275.744679166667,37.6317138888889
RACS_1822-37A,275.744679166667,-37.6363
RACS_1824+00A,276.206895833333,0.0
RACS_1824+06A,276.206895833333,6.29503611111111
RACS_1824-06A,276.206895833333,-6.29964722222222
RACS_1825-43A,276.279066666667,-43.8726027777778
RACS_1827-50A,276.923075,-50.0959083333333
RACS_1830-68A,277.5,-68.6714888888889
RACS_1831+12A,277.894733333333,12.5810805555556
RACS_1831-12A,277.894733333333,-12.5856855555556
RACS_1833+25A,278.4905625,25.1251944444444
RACS_1833-25A,278.4905625,-25.1297888888889
RACS_1842-56A,280.588233333333,-56.3062944444444
RACS_1845+18A,281.454541666667,18.8580194444444
RACS_1845-18A,281.454541666667,-18.8626194444444
RACS_1845-73A,281.460633333333,-73.9461611111111
RACS_1849+00A,282.413791666667,0.0
RACS_1849+06A,282.413791666667,6.29503611111111
RACS_1849+31A,282.3529375,31.3828472222222
RACS_1849-06A,282.413791666667,-6.29964722222222
RACS_1849-31A,282.3529375,-31.3874361111111
RACS_1853+37A,283.404254166667,37.6317138888889
RACS_1853-37A,283.404254166667,-37.6363
RACS_1856+12A,284.210525,12.5810805555556
RACS_1856-12A,284.210525,-12.5856855555556
RACS_1858-43A,284.6511625,-43.8726027777778
RACS_1901+25A,285.283016666667,25.1251944444444
RACS_1901-25A,285.283016666667,-25.1297888888889
RACS_1902-62A,285.5172375,-62.4986277777778
RACS_1904-50A,286.153845833333,-50.0959083333333
RACS_1912+18A,288.0,18.8580194444444
RACS_1912-18A,288.0,-18.8626194444444
RACS_1914+00A,288.6206875,0.0
RACS_1914+06A,288.6206875,6.29503611111111
RACS_1914-06A,288.6206875,-6.29964722222222
RACS_1914-80A,288.5297625,-80.0435305555556
RACS_1917+31A,289.4117625,31.3828472222222
RACS_1917-31A,289.4117625,-31.3874361111111
RACS_1922+12A,290.5263125,12.5810805555556
RACS_1922-12A,290.5263125,-12.5856855555556
RACS_1924+37A,291.063829166667,37.6317138888889
RACS_1924-37A,291.063829166667,-37.6363
RACS_1924-56A,291.176466666667,-56.3062944444444
RACS_1928+25A,292.075470833333,25.1251944444444
RACS_1928-25A,292.075470833333,-25.1297888888889
RACS_1930-68A,292.5,-68.6714888888889
RACS_1932-43A,293.023254166667,-43.8726027777778
RACS_1938+18A,294.545454166667,18.8580194444444
RACS_1938-18A,294.545454166667,-18.8626194444444
RACS_1939+00A,294.827583333333,0.0
RACS_1939+06A,294.827583333333,6.29503611111111
RACS_1939-06A,294.827583333333,-6.29964722222222
RACS_1941-50A,295.3846125,-50.0959083333333
RACS_1945+31A,296.4705875,31.3828472222222
RACS_1945-31A,296.4705875,-31.3874361111111
RACS_1947+12A,296.842104166667,12.5810805555556
RACS_1947-12A,296.842104166667,-12.5856855555556
RACS_1951-62A,297.931033333333,-62.4986277777778
RACS_1954+37A,298.723404166667,37.6317138888889
RACS_1954-37A,298.723404166667,-37.6363
RACS_1955+25A,298.867920833333,25.1251944444444
RACS_1955-25A,298.867920833333,-25.1297888888889
RACS_2004+00A,301.034479166667,0.0
RACS_2004+06A,301.034479166667,6.29503611111111
RACS_2004+18A,301.090908333333,18.8580194444444
RACS_2004-06A,301.034479166667,-6.29964722222222
RACS_2004-18A,301.090908333333,-18.8626194444444
RACS_2005-43A,301.395345833333,-43.8726027777778
RACS_2005-71A,301.3146,-71.6045583333333
RACS_2007-56A,301.764704166667,-56.3062944444444
RACS_2012+12A,303.157891666667,12.5810805555556
RACS_2012-12A,303.157891666667,-12.5856855555556
RACS_2014+31A,303.529408333333,31.3828472222222
RACS_2014-31A,303.529408333333,-31.3874361111111
RACS_2018-50A,304.615383333333,-50.0959083333333
RACS_2022+25A,305.660375,25.1251944444444
RACS_2022-25A,305.660375,-25.1297888888889
RACS_2025+37A,306.382975,37.6317138888889
RACS_2025-37A,306.382975,-37.6363
RACS_2028+00A,307.241379166667,0.0
RACS_2028+06A,307.241379166667,6.29503611111111
RACS_2028-06A,307.241379166667,-6.29964722222222
RACS_2030+18A,307.6363625,18.8580194444444
RACS_2030-18A,307.6363625,-18.8626194444444
RACS_2030-68A,307.5,-68.6714888888889
RACS_2037+12A,309.473683333333,12.5810805555556
RACS_2037-12A,309.473683333333,-12.5856855555556
RACS_2039-43A,309.767441666667,-43.8726027777778
RACS_2041-62A,310.344825,-62.4986277777778
RACS_2042+31A,310.588233333333,31.3828472222222
RACS_2042-31A,310.588233333333,-31.3874361111111
RACS_2049+25A,312.452829166667,25.1251944444444
RACS_2049-25A,312.452829166667,-25.1297888888889
RACS_2049-56A,312.3529375,-56.3062944444444
RACS_2053+00A,313.448275,0.0
RACS_2053+06A,313.448275,6.29503611111111
RACS_2053-06A,313.448275,-6.29964722222222
RACS_2055-50A,313.84615,-50.0959083333333
RACS_2056+18A,314.181816666667,18.8580194444444
RACS_2056+37A,314.04255,37.6317138888889
RACS_2056-18A,314.181816666667,-18.8626194444444
RACS_2056-37A,314.04255,-37.6363
RACS_2100-76A,315.16135,-76.6262583333333
RACS_2100-85A,315.0421125,-85.5465055555556
RACS_2103+12A,315.789470833333,12.5810805555556
RACS_2103-12A,315.789470833333,-12.5856855555556
RACS_2110+31A,317.647058333333,31.3828472222222
RACS_2110-31A,317.647058333333,-31.3874361111111
RACS_2112-43A,318.139533333333,-43.8726027777778
RACS_2116+25A,319.245279166667,25.1251944444444
RACS_2116-25A,319.245279166667,-25.1297888888889
RACS_2118+00A,319.655170833333,0.0
RACS_2118+06A,319.655170833333,6.29503611111111
RACS_2118-06A,319.655170833333,-6.29964722222222
RACS_2122+18A,320.727270833333,18.8580194444444
RACS_2122-18A,320.727270833333,-18.8626194444444
RACS_2126+37A,321.702125,37.6317138888889
RACS_2126-37A,321.702125,-37.6363
RACS_2126-69A,321.5069125,-69.7458444444444
RACS_2128+12A,322.1052625,12.5810805555556
RACS_2128-12A,322.1052625,-12.5856855555556
RACS_2130-68A,322.5,-68.6714888888889
RACS_2131-56A,322.941175,-56.3062944444444
RACS_2131-62A,322.758616666667,-62.4986277777778
RACS_2132-50A,323.076920833333,-50.0959083333333
RACS_2138+31A,324.705879166667,31.3828472222222
RACS_2138-31A,324.705879166667,-31.3874361111111
RACS_2143+00A,325.862066666667,0.0
RACS_2143+06A,325.862066666667,6.29503611111111
RACS_2143-06A,325.862066666667,-6.29964722222222
RACS_2144+25A,326.037733333333,25.1251944444444
RACS_2144-25A,326.037733333333,-25.1297888888889
RACS_2146-43A,326.511625,-43.8726027777778
RACS_2149+18A,327.272725,18.8580194444444
RACS_2149-18A,327.272725,-18.8626194444444
RACS_2153+12A,328.42105,12.5810805555556
RACS_2153-12A,328.42105,-12.5856855555556
RACS_2157+37A,329.3617,37.6317138888889
RACS_2157-37A,329.3617,-37.6363
RACS_2207+31A,331.764704166667,31.3828472222222
RACS_2207-31A,331.764704166667,-31.3874361111111
RACS_2208+00A,332.0689625,0.0
RACS_2208+06A,332.0689625,6.29503611111111
RACS_2208-06A,332.0689625,-6.29964722222222
RACS_2209-50A,332.307691666667,-50.0959083333333
RACS_2211+25A,332.8301875,25.1251944444444
RACS_2211-25A,332.8301875,-25.1297888888889
RACS_2214-56A,333.529408333333,-56.3062944444444
RACS_2215+18A,333.818179166667,18.8580194444444
RACS_2215-18A,333.818179166667,-18.8626194444444
RACS_2218+12A,334.736841666667,12.5810805555556
RACS_2218-12A,334.736841666667,-12.5856855555556
RACS_2219-43A,334.883720833333,-43.8726027777778
RACS_2220-62A,335.1724125,-62.4986277777778
RACS_2228+37A,337.021275,37.6317138888889
RACS_2228-37A,337.021275,-37.6363
RACS_2230-68A,337.5,-68.6714888888889
RACS_2232-73A,338.190379166667,-73.0317138888889
RACS_2233+00A,338.275858333333,0.0
RACS_2233+06A,338.275858333333,6.29503611111111
RACS_2233-06A,338.275858333333,-6.29964722222222
RACS_2235+31A,338.823529166667,31.3828472222222
RACS_2235-31A,338.823529166667,-31.3874361111111
RACS_2238+25A,339.6226375,25.1251944444444
RACS_2238-25A,339.6226375,-25.1297888888889
RACS_2241+18A,340.363633333333,18.8580194444444
RACS_2241-18A,340.363633333333,-18.8626194444444
RACS_2244+12A,341.052629166667,12.5810805555556
RACS_2244-12A,341.052629166667,-12.5856855555556
RACS_2246-50A,341.538458333333,-50.0959083333333
RACS_2246-80A,341.591520833333,-80.0458166666667
RACS_2253-43A,343.2558125,-43.8726027777778
RACS_2256-56A,344.117645833333,-56.3062944444444
RACS_2257+00A,344.482758333333,0.0
RACS_2257+06A,344.482758333333,6.29503611111111
RACS_2257-06A,344.482758333333,-6.29964722222222
RACS_2258+37A,344.68085,37.6317138888889
RACS_2258-37A,344.68085,-37.6363
RACS_2303+31A,345.88235,31.3828472222222
RACS_2303-31A,345.88235,-31.3874361111111
RACS_2305+25A,346.415091666667,25.1251944444444
RACS_2305-25A,346.415091666667,-25.1297888888889
RACS_2307+18A,346.9090875,18.8580194444444
RACS_2307-18A,346.9090875,-18.8626194444444
RACS_2309+12A,347.368420833333,12.5810805555556
RACS_2309-12A,347.368420833333,-12.5856855555556
RACS_2310-62A,347.586204166667,-62.4986277777778
RACS_2322+00A,350.689654166667,0.0
RACS_2322+06A,350.689654166667,6.29503611111111
RACS_2322-06A,350.689654166667,-6.29964722222222
RACS_2323-50A,350.769229166667,-50.0959083333333
RACS_2326-43A,351.627904166667,-43.8726027777778
RACS_2329+37A,352.340425,37.6317138888889
RACS_2329-37A,352.340425,-37.6363
RACS_2330-68A,352.5,-68.6714888888889
RACS_2331+31A,352.941175,31.3828472222222
RACS_2331-31A,352.941175,-31.3874361111111
RACS_2332+25A,353.207545833333,25.1251944444444
RACS_2332-25A,353.207545833333,-25.1297888888889
RACS_2333+18A,353.454541666667,18.8580194444444
RACS_2333-18A,353.454541666667,-18.8626194444444
RACS_2334+12A,353.684208333333,12.5810805555556
RACS_2334-12A,353.684208333333,-12.5856855555556
RACS_2338-56A,354.705879166667,-56.3062944444444
RACS_2347+00A,356.89655,0.0
RACS_2347+06A,356.89655,6.29503611111111
RACS_2347-06A,356.89655,-6.29964722222222
RACS_2359+25A,0.0,25.1251944444444
RACS_2359-25A,0.0,-25.1297888888889
RACS_2359-43A,0.0,-43.8726027777778
